LA_name,LA_code,Total_Population,15_and_under,16_to_24,25_to_34,35_to_49,50_to_74,75_and_over,Very_good_health,Good_health,Fair_health,Bad_health,Very_bad_health,Asian_All,Black_All,Mixed,White,Other,HH_no_depr,HH_Depr_1_dim,HH_Depr_2_dim,HH_Depr_3_dim,HH_Depr_4_dim,x_lt_0p5,x_0p5_to_lt_1,x_eq_1,x_gt_1_to_1p5,x_gt_1p5_to_2,x_gt_2,Total_Deaths_1000
Hartlepool,E06000001,92339,191.18,98.79,123.23,172.68,328.55,85.58,431.20,333.00,156.11,60.92,18.76,17.33,4.82,7.27,964.59,6.00,421.74,335.57,184.95,55.66,2.08,404.89,351.23,149.84,12.34,0.61,0.05,2.71
Middlesbrough,E06000002,143924,208.35,117.73,143.42,176.13,281.36,73.01,466.96,322.27,137.72,55.37,17.68,104.85,26.51,20.85,823.69,24.10,421.61,338.42,179.48,58.36,2.12,396.52,338.04,173.03,11.62,0.46,0.02,2.54
Redcar and Cleveland,E06000003,136531,177.17,89.29,112.58,167.02,347.19,106.75,425.43,339.97,158.45,57.98,18.17,8.50,1.94,8.68,976.99,3.90,441.16,341.74,167.22,48.17,1.72,425.01,346.80,141.68,9.60,0.29,0.00,2.31
Stockton-on-Tees,E06000004,196594,196.27,91.07,127.43,189.19,313.96,82.09,465.32,333.28,138.90,47.77,14.73,46.04,11.21,13.92,920.36,8.46,483.51,324.59,150.64,39.69,1.58,401.38,356.44,150.55,8.00,0.51,0.01,2.23
Darlington,E06000005,107801,182.70,92.47,123.81,186.66,320.66,93.71,452.21,346.23,142.70,46.53,12.32,27.51,6.50,13.66,943.68,8.65,486.03,334.93,141.95,35.53,1.55,424.09,348.06,139.03,13.00,0.41,0.00,2.26
Halton,E06000006,128478,190.93,95.23,128.26,193.50,317.35,74.73,459.74,322.66,140.79,58.31,18.52,11.18,3.98,13.94,964.96,5.95,432.23,334.80,175.93,55.19,1.84,392.04,364.10,157.80,11.51,0.20,0.00,2.13
Warrington,E06000007,210974,181.33,90.94,125.32,199.91,313.79,88.72,500.60,327.71,121.34,39.18,11.18,32.96,7.47,15.81,935.21,8.55,519.09,320.71,127.68,31.19,1.34,392.88,347.39,156.70,14.55,0.89,0.01,2.44
Blackburn with Darwen,E06000008,154735,227.68,116.52,133.82,198.42,262.04,61.52,477.91,323.20,132.53,50.58,15.80,356.58,9.09,16.78,603.54,14.02,411.57,340.02,182.38,62.82,3.20,315.69,364.54,226.20,40.46,0.83,0.02,2.69
Blackpool,E06000009,141036,175.11,94.08,128.13,176.26,329.64,96.78,403.68,335.06,169.91,69.32,22.04,26.06,5.04,15.67,946.90,6.32,382.30,351.14,197.33,64.56,4.66,428.10,317.43,152.26,11.41,1.33,0.17,2.71
Kingston upon Hull,E06000010,267014,199.00,119.12,153.69,190.30,273.39,64.50,433.60,348.86,149.25,52.43,15.87,28.14,18.97,16.90,917.52,18.47,411.84,340.99,188.69,55.88,2.61,338.86,395.28,188.92,24.37,1.11,0.05,2.29
East Riding of Yorkshire,E06000011,342217,158.01,80.64,101.81,168.20,368.42,122.91,448.68,353.92,143.65,41.17,12.57,10.77,2.61,9.34,973.55,3.73,510.99,340.20,124.42,23.29,1.10,429.89,361.45,122.37,11.04,0.45,0.01,2.19
North East Lincolnshire,E06000012,156966,187.58,92.19,125.68,174.50,323.02,97.03,430.58,350.01,154.41,50.40,14.61,15.53,5.39,10.30,962.18,6.61,439.68,345.86,166.39,46.14,1.93,441.35,320.10,135.58,6.04,0.43,0.00,1.61
North Lincolnshire,E06000013,169680,178.06,88.51,119.69,176.49,336.90,100.35,428.96,359.23,151.47,47.17,13.17,33.13,4.82,10.73,943.24,8.09,460.98,350.36,152.39,35.05,1.22,421.67,332.68,150.45,8.06,0.60,0.00,1.64
York,E06000014,202821,151.55,166.01,127.43,179.25,284.70,91.06,486.19,350.23,121.31,33.47,8.81,37.64,6.53,18.44,927.75,9.63,538.56,326.59,111.38,22.44,1.03,371.28,376.38,165.66,19.27,1.61,0.11,1.66
Derby,E06000015,261364,199.62,121.68,140.55,195.68,264.62,77.86,458.40,346.46,137.19,44.16,13.79,156.49,40.10,36.58,737.94,28.88,456.07,337.50,157.18,46.44,2.80,361.68,351.17,198.26,16.45,1.48,0.05,2.71
Leicester,E06000016,368569,210.43,161.76,148.64,202.06,227.64,49.48,487.61,334.88,125.23,40.02,12.27,434.05,78.05,37.71,408.76,41.44,387.77,358.23,189.14,59.85,5.02,273.53,300.96,299.31,40.86,9.36,1.94,2.20
Rutland,E06000017,41048,164.44,97.81,105.24,170.75,338.68,123.08,503.46,342.60,118.62,28.48,6.87,15.44,13.45,18.12,947.84,5.14,579.55,316.52,91.59,11.86,0.48,481.43,313.77,112.32,8.87,0.18,0.00,1.58
Nottingham,E06000018,323630,183.26,222.15,149.83,176.61,214.76,53.39,475.72,334.62,129.35,45.69,14.63,148.99,99.54,58.90,659.48,33.09,415.90,344.27,180.66,56.24,2.93,315.08,392.73,211.30,28.56,2.76,0.15,1.97
Herefordshire,E06000019,187037,159.87,82.17,107.93,167.28,359.91,122.85,457.24,351.03,139.22,40.85,11.64,11.86,3.03,10.59,969.07,5.45,494.31,346.39,129.92,27.58,1.80,421.12,337.89,150.28,16.47,2.62,0.19,1.57
Telford and Wrekin,E06000020,185544,198.70,105.49,132.21,190.74,295.23,77.64,459.58,340.79,138.42,47.49,13.70,54.26,28.84,26.11,881.94,8.86,459.94,338.88,158.53,41.01,1.63,371.45,364.06,171.00,13.78,0.54,0.04,1.30
Stoke-on-Trent,E06000021,258370,203.08,112.39,140.20,188.49,278.40,77.44,426.68,351.59,148.14,56.30,17.29,99.07,26.64,22.68,834.85,16.76,410.94,349.47,182.25,54.96,2.38,360.01,380.30,184.76,17.31,0.74,0.01,2.77
Bath and North East Somerset,E06000022,193409,164.37,161.54,119.83,172.72,287.16,94.39,518.00,328.39,112.99,31.65,8.97,33.03,9.54,27.18,921.92,8.32,540.95,321.70,112.96,22.95,1.44,361.20,355.50,186.02,18.26,2.65,0.24,1.37
Bristol,E06000023,472464,175.16,153.83,186.80,203.36,221.82,59.03,508.10,327.31,114.95,38.17,11.47,66.18,59.03,44.69,810.94,19.15,501.65,317.79,138.30,39.21,3.05,321.63,341.92,229.88,25.99,4.73,0.28,1.20
North Somerset,E06000024,216734,176.08,83.95,106.70,187.38,328.71,117.19,475.69,338.76,132.83,41.05,11.64,15.33,5.26,16.77,957.09,5.56,515.11,334.76,121.02,27.10,2.01,396.86,360.35,152.50,15.45,1.56,0.07,1.54
South Gloucestershire,E06000025,290424,182.69,107.48,137.33,192.17,288.64,91.68,497.19,341.59,119.12,32.81,9.29,38.20,15.61,25.10,911.96,9.13,539.38,327.16,111.46,20.78,1.23,378.08,329.23,182.66,16.55,1.19,0.07,1.34
Plymouth,E06000026,264695,174.05,129.90,137.26,184.06,288.17,86.55,457.57,337.64,140.52,49.52,14.74,22.47,10.53,17.59,939.67,9.74,454.80,339.55,159.12,44.07,2.46,344.89,380.87,183.71,23.40,2.24,0.11,0.78
Torbay,E06000027,139324,160.00,82.67,105.80,163.20,359.41,128.92,422.34,342.35,162.05,56.66,16.60,16.18,3.21,14.96,961.23,4.43,421.26,358.86,168.51,47.37,4.00,371.42,375.16,169.06,20.22,2.43,0.10,1.07
Swindon,E06000030,233411,198.19,92.53,139.83,214.01,284.01,71.43,480.75,351.98,122.82,35.07,9.38,116.42,26.23,27.83,814.62,14.90,492.91,337.95,134.25,33.04,1.86,330.35,365.41,202.60,29.73,2.52,0.21,1.36
Peterborough,E06000031,215673,223.02,99.76,151.27,215.10,246.66,64.20,461.58,358.77,128.57,39.79,11.28,142.82,40.58,35.32,753.84,27.45,450.50,349.14,154.99,42.33,3.04,315.92,365.63,218.64,28.69,2.66,0.14,1.47
Luton,E06000032,225262,233.35,122.20,152.58,214.27,223.40,54.20,486.78,345.62,120.18,36.23,11.17,369.90,100.93,42.71,451.91,34.55,413.10,364.37,171.27,47.28,3.99,263.30,293.50,313.15,51.44,11.72,1.57,2.26
Southend-on-Sea,E06000033,180686,189.70,91.63,128.17,203.01,295.96,91.53,467.00,343.91,133.36,43.13,12.61,54.59,28.52,30.73,874.89,11.27,455.82,345.37,152.90,41.83,4.07,338.18,353.73,198.70,29.03,4.95,0.34,3.36
Thurrock,E06000034,176001,225.21,100.44,147.15,215.75,252.82,58.64,507.67,333.46,115.47,33.55,9.86,69.35,118.62,29.84,766.99,15.20,456.56,349.43,153.73,37.66,2.62,246.08,373.73,273.12,45.71,4.90,0.47,2.54
Medway,E06000035,279773,203.79,102.98,138.36,198.72,284.23,71.91,474.83,345.78,128.34,39.93,11.13,58.92,56.20,28.09,842.64,14.15,464.82,344.61,148.24,38.81,3.51,328.72,335.35,226.53,25.66,2.90,0.24,2.61
Bracknell Forest,E06000036,124607,198.01,94.96,140.55,219.54,280.15,66.78,528.29,341.19,98.49,25.26,6.79,71.26,24.02,30.84,860.87,13.01,563.74,311.28,102.13,21.27,1.57,326.54,356.75,200.23,26.45,2.99,0.24,1.26
West Berkshire,E06000037,161448,190.23,89.44,113.46,199.14,318.18,89.56,510.46,346.53,109.54,26.75,6.73,37.10,12.57,23.89,919.09,7.35,559.89,315.91,102.45,20.48,1.28,359.90,364.43,171.91,21.32,1.70,0.14,1.38
Reading,E06000038,174224,188.63,136.51,173.41,222.26,222.76,56.43,511.96,344.49,106.91,28.80,7.83,177.02,71.93,51.44,670.90,28.71,512.45,321.68,128.27,34.72,2.88,286.67,344.38,254.23,39.57,6.66,0.77,1.53
Slough,E06000039,158500,249.63,104.65,148.32,248.16,208.98,40.25,516.98,339.53,106.02,29.18,8.29,467.46,75.66,39.82,360.47,56.59,423.16,365.79,164.10,43.74,3.20,183.83,303.16,349.25,92.40,16.29,1.81,1.97
Windsor and Maidenhead,E06000040,153497,194.28,88.98,112.62,215.48,298.70,89.93,557.63,317.88,94.28,23.69,6.53,130.76,15.36,34.12,798.39,21.36,589.57,298.05,93.94,17.58,0.87,354.73,345.20,185.74,22.83,2.81,0.23,2.04
Wokingham,E06000041,177502,206.65,91.04,113.39,223.49,282.70,82.73,549.59,331.64,92.24,20.71,5.82,128.83,24.26,31.40,799.15,16.35,614.74,291.67,79.71,13.01,0.87,365.35,341.48,170.90,19.55,1.34,0.13,1.50
Milton Keynes,E06000042,287062,216.78,96.59,142.98,228.52,258.75,56.38,510.82,337.20,110.50,32.18,9.29,124.17,97.02,40.85,718.02,19.94,512.51,325.17,127.69,32.30,2.33,308.67,368.22,210.07,33.68,3.15,0.40,1.75
Brighton and Hove,E06000043,277104,150.61,154.92,149.66,213.23,267.39,64.20,501.90,331.57,115.91,38.82,11.81,47.70,19.70,47.74,853.73,31.14,478.76,329.98,143.83,42.79,4.64,267.47,379.44,250.91,34.35,11.41,0.74,1.46
Portsmouth,E06000044,208003,178.76,155.84,150.60,190.48,255.84,68.47,473.57,348.30,128.56,38.46,11.11,69.09,33.99,26.38,852.29,18.25,471.92,334.30,149.61,40.90,3.26,343.04,332.18,215.99,25.49,3.60,0.26,1.71
Southampton,E06000045,248922,178.99,162.38,164.24,198.23,233.32,62.83,476.87,350.93,122.52,38.31,11.38,106.11,30.29,33.38,806.80,23.42,453.62,342.89,154.75,44.71,4.03,285.87,375.94,235.01,39.97,6.47,0.48,1.37
Isle of Wight,E06000046,140459,148.61,77.89,99.08,155.18,381.58,137.66,398.79,369.52,164.30,52.58,14.80,11.84,3.40,12.25,969.81,2.70,441.05,362.42,155.46,38.05,3.01,404.26,376.55,144.31,17.38,2.52,0.08,1.82
County Durham,E06000047,522068,168.77,112.60,114.71,175.14,333.81,94.97,429.62,339.00,156.35,57.78,17.25,15.01,3.33,9.48,968.21,3.97,444.76,337.39,169.97,46.56,1.31,415.77,371.63,135.94,13.42,0.13,0.00,2.58
Cheshire East,E06000049,398772,173.78,82.57,115.57,187.68,333.72,106.68,498.42,333.09,121.45,36.39,10.64,23.90,6.07,17.70,944.26,8.07,547.86,315.85,112.00,23.37,0.92,424.56,351.11,130.99,12.21,0.73,0.02,2.28
Cheshire West and Chester,E06000050,357150,173.01,96.42,122.37,185.21,323.96,99.02,488.17,332.66,126.82,40.60,11.76,20.25,5.90,14.81,952.99,6.05,520.48,321.19,126.31,30.43,1.59,416.52,351.42,139.98,11.83,0.57,0.02,2.42
Shropshire,E06000051,323606,158.71,88.38,107.61,166.64,357.15,121.51,466.30,347.12,135.76,39.54,11.28,13.36,3.45,11.93,966.84,4.42,507.76,340.37,124.37,26.49,1.02,432.17,339.44,140.10,12.74,1.20,0.05,1.67
Cornwall,E06000052,570308,162.86,91.16,105.20,170.08,354.35,116.35,457.39,335.23,145.51,47.29,14.57,7.07,1.86,12.33,968.13,10.62,461.10,354.76,146.45,34.93,2.75,382.05,372.98,163.63,21.45,3.00,0.17,0.88
Isles of Scilly,E06000053,2055,157.66,52.55,104.62,183.45,353.28,148.42,512.90,329.44,116.79,32.12,8.27,2.92,1.95,11.19,975.18,8.76,507.43,357.75,112.53,22.29,0.00,399.15,357.75,174.10,22.29,11.68,0.00,0.00
Wiltshire,E06000054,510333,178.74,89.82,116.64,183.39,327.89,103.51,495.37,340.77,121.56,33.30,9.00,21.31,11.34,17.07,943.33,6.95,534.15,329.75,112.51,22.54,1.05,404.62,346.55,153.94,16.67,0.87,0.03,1.51
Bedford,E06000055,185227,200.33,97.66,137.30,208.03,279.43,77.25,488.15,349.69,118.46,34.32,9.37,125.59,53.17,46.35,756.78,18.10,516.40,326.84,123.99,29.67,3.10,353.57,340.69,197.64,22.19,3.58,0.55,2.59
Central Bedfordshire,E06000056,294252,195.38,86.51,133.08,202.71,301.29,81.03,503.68,344.89,113.28,29.96,8.18,35.08,23.85,30.20,902.44,8.43,547.74,322.42,107.14,21.59,1.10,357.69,361.41,177.77,19.47,1.17,0.05,1.97
Northumberland,E06000057,320569,161.34,81.70,102.51,170.00,372.17,112.27,437.62,345.91,154.25,48.80,13.41,10.53,1.87,7.98,976.48,3.15,485.16,339.67,139.60,34.27,1.30,434.88,358.87,125.75,12.38,0.56,0.02,2.18
"Bournemouth, Christchurch and Poole",E06000058,400198,163.14,113.26,124.95,190.81,300.36,107.48,475.37,341.14,131.10,40.55,11.83,33.86,10.58,27.72,913.33,14.51,483.00,340.34,139.39,33.88,3.39,328.60,379.86,198.55,30.99,4.69,0.28,2.17
Dorset,E06000059,379579,151.95,79.78,92.43,154.85,376.51,144.48,448.83,357.94,142.29,39.95,10.99,11.34,2.85,11.69,970.59,3.54,499.07,349.93,124.84,24.44,1.72,407.29,375.25,140.70,17.52,1.02,0.06,1.42
Buckinghamshire,E06000060,553079,198.31,89.72,116.45,204.44,301.02,90.06,531.42,331.89,103.38,26.26,7.05,123.52,25.80,35.38,799.46,15.83,571.57,310.04,98.19,19.10,1.10,361.33,343.92,181.31,23.79,1.92,0.10,1.89
North Northamptonshire,E06000061,359523,195.65,92.09,131.37,199.27,301.10,80.52,461.85,357.85,131.48,38.16,10.66,35.40,30.64,22.74,903.04,8.18,488.44,340.17,136.69,33.03,1.67,375.62,354.75,171.26,16.03,0.89,0.05,1.85
West Northamptonshire,E06000062,425727,193.14,100.97,136.55,204.46,288.74,76.14,492.00,350.52,116.23,32.63,8.62,52.76,48.53,28.46,859.15,11.10,518.32,331.84,121.23,26.99,1.62,361.90,356.54,174.11,24.21,2.46,0.14,1.87
Cumbria,E06000063,273254,166.11,87.65,116.29,172.43,353.08,104.43,450.53,340.96,147.19,47.72,13.60,9.94,2.22,7.50,976.71,3.64,481.46,336.60,142.58,38.07,1.30,443.99,352.95,128.47,11.28,0.21,0.01,2.74
Westmorland and Furness,E06000064,226591,151.89,84.25,107.66,165.85,369.72,120.62,463.37,348.80,135.47,41.18,11.19,9.69,2.59,8.61,975.92,3.18,517.85,333.91,120.85,26.29,1.10,437.35,359.24,130.03,13.40,0.61,0.01,2.48
North Yorkshire,E06000065,615491,161.35,83.71,105.71,169.58,363.24,116.40,476.16,347.13,130.13,36.39,10.20,13.51,3.99,10.92,966.96,4.62,533.18,329.72,113.51,22.38,1.20,427.28,359.62,128.22,12.23,0.70,0.04,1.66
Somerset,E06000066,571548,169.03,86.42,111.26,169.27,346.50,117.52,459.95,351.66,137.25,40.15,10.99,15.15,4.26,12.49,963.78,4.32,499.90,343.94,127.81,27.03,1.32,410.78,354.91,147.39,16.87,1.04,0.04,1.26
Cambridge,E07000008,145674,143.53,210.22,204.70,189.86,197.34,54.35,550.51,321.31,95.81,25.50,6.87,148.45,24.44,50.87,745.29,30.94,565.01,302.41,104.53,26.49,1.56,315.62,360.12,217.01,24.91,5.07,0.27,0.83
East Cambridgeshire,E07000009,87764,186.10,80.84,115.88,204.98,315.08,97.11,483.38,351.28,123.96,32.58,8.78,19.23,8.03,21.46,944.73,6.55,534.07,332.92,110.96,21.24,0.81,380.96,372.25,148.33,19.57,0.75,0.03,1.11
Fenland,E07000010,102459,172.04,88.31,123.99,176.89,332.18,106.59,402.74,374.85,158.66,49.42,14.36,12.02,7.94,13.78,959.19,7.06,416.70,373.63,168.81,38.61,2.25,377.39,373.74,157.99,20.28,1.32,0.00,2.02
Huntingdonshire,E07000011,180832,180.12,85.38,126.29,198.15,317.59,92.47,478.77,357.07,121.80,33.65,8.72,31.77,14.63,22.44,924.15,7.01,535.96,329.33,111.55,22.10,1.07,395.68,369.25,141.74,13.79,0.75,0.04,1.38
South Cambridgeshire,E07000012,162119,195.89,80.26,113.67,214.79,301.52,93.86,522.07,336.18,107.45,26.60,7.69,57.98,12.45,28.32,890.01,11.24,584.11,308.90,90.71,15.75,0.54,395.19,351.60,148.76,17.06,0.76,0.01,1.12
Amber Valley,E07000032,126206,167.53,85.38,116.83,181.01,347.64,101.60,444.29,354.44,144.99,44.47,11.82,9.57,3.02,12.27,972.77,2.38,489.00,335.71,139.73,34.22,1.33,394.26,384.80,143.00,14.20,0.32,0.00,2.42
Bolsover,E07000033,80273,174.34,89.33,132.85,180.75,330.86,91.87,417.90,342.69,161.20,60.34,17.86,8.99,5.22,9.27,973.50,3.01,427.24,344.86,179.18,47.42,1.30,373.53,395.99,155.53,16.62,0.65,0.00,2.77
Chesterfield,E07000034,103569,169.60,88.39,126.13,182.13,334.23,99.53,414.88,347.93,164.74,56.72,15.73,18.83,8.10,14.46,954.51,4.09,447.13,342.02,164.05,44.70,2.10,384.10,396.38,147.97,18.52,0.50,0.00,2.00
Derbyshire Dales,E07000035,71541,146.49,77.16,85.69,161.14,398.43,131.10,475.32,344.95,133.98,35.42,10.32,7.24,2.36,10.11,977.70,2.59,529.33,333.42,116.78,19.36,1.12,440.99,351.01,126.35,15.61,0.43,0.06,2.33
Erewash,E07000036,112906,171.64,90.67,128.79,185.48,326.01,97.41,443.32,353.56,146.60,44.46,12.06,15.84,7.71,18.14,954.49,3.83,480.37,338.82,142.33,36.91,1.57,392.62,374.04,152.58,11.54,0.36,0.02,2.56
High Peak,E07000037,90933,167.96,84.25,111.87,180.24,359.50,96.18,476.19,341.82,132.04,38.87,11.07,7.63,2.45,13.03,974.48,2.41,520.50,327.58,123.22,27.54,1.15,383.18,386.39,150.77,20.04,0.54,0.05,2.62
North East Derbyshire,E07000038,101999,163.99,82.07,111.13,171.95,353.06,117.80,435.11,343.73,156.33,50.65,14.21,9.33,3.18,11.47,974.16,1.86,469.98,342.97,150.39,35.23,1.44,397.46,387.46,143.39,13.92,0.26,0.07,2.67
South Derbyshire,E07000039,107205,188.93,89.07,131.05,195.15,314.85,80.96,481.96,344.72,127.25,35.94,10.15,35.83,7.98,18.04,931.25,6.90,542.58,316.17,117.11,23.36,0.77,398.35,367.87,139.97,9.53,0.29,0.00,2.22
East Devon,E07000040,150824,155.41,78.12,94.93,159.32,359.89,152.33,463.94,350.61,136.91,38.44,10.11,9.67,2.31,11.40,973.64,2.98,507.40,353.67,116.92,20.74,1.27,417.59,367.67,136.58,16.14,1.03,0.04,1.20
Exeter,E07000041,130709,148.25,206.11,137.63,177.25,250.06,80.70,508.75,329.39,115.92,35.69,10.25,48.77,8.70,25.31,903.04,14.18,498.17,331.83,133.67,33.85,2.47,343.42,379.44,188.49,18.21,3.31,0.27,0.87
Mid Devon,E07000042,82852,176.79,84.67,103.92,174.94,347.58,112.10,471.60,348.40,132.21,37.24,10.55,6.78,1.22,10.85,978.46,2.69,491.16,350.80,130.43,26.29,1.32,396.65,368.50,149.93,19.39,1.52,0.06,0.83
North Devon,E07000043,98611,166.49,82.78,105.68,165.19,355.81,124.04,467.85,336.21,138.98,44.13,12.83,11.51,3.30,11.91,969.85,3.44,479.32,350.12,139.13,29.35,2.08,394.93,372.73,150.73,17.43,1.02,0.00,0.56
South Hams,E07000044,88624,154.12,75.27,90.42,159.75,389.76,130.68,490.83,331.79,127.41,38.51,11.49,6.93,1.68,11.82,975.17,4.40,529.88,335.07,112.65,21.10,1.30,423.36,356.96,135.96,15.97,0.69,0.00,0.51
Teignbridge,E07000045,134801,158.32,77.96,101.22,166.37,368.22,127.91,455.68,349.06,141.14,42.57,11.57,7.45,1.60,11.60,976.75,2.60,494.18,349.54,129.70,24.78,1.79,401.70,370.98,143.70,16.83,1.54,0.05,0.78
Torridge,E07000046,68113,154.96,76.96,95.53,153.57,389.43,129.55,438.27,348.14,153.47,47.22,12.92,5.23,1.10,9.25,982.47,1.95,461.31,359.50,147.44,29.78,1.97,428.02,367.18,130.60,13.62,0.76,0.00,0.65
West Devon,E07000047,57098,152.95,76.61,88.79,157.69,389.87,134.09,455.48,346.81,144.24,41.68,11.75,5.90,2.14,10.96,978.16,2.84,493.03,351.88,127.97,24.98,2.14,440.57,346.08,129.50,17.45,0.89,0.04,0.53
Eastbourne,E07000061,101686,168.25,93.27,115.46,177.63,321.47,123.92,432.27,352.50,152.46,48.64,14.16,34.85,12.86,27.56,908.16,16.56,432.04,359.58,161.94,41.26,5.17,340.92,378.78,196.01,26.92,5.53,0.88,3.11
Hastings,E07000062,90995,179.03,89.44,124.97,187.52,330.18,88.85,421.95,350.17,155.20,55.22,17.45,27.87,13.87,29.00,914.24,15.02,420.44,350.38,173.08,51.32,4.77,345.83,376.64,185.88,28.36,4.10,0.35,2.64
Lewes,E07000063,99907,167.01,82.52,95.19,173.75,350.72,130.82,455.75,347.64,141.69,43.01,11.88,19.01,7.23,24.63,941.87,7.27,479.17,350.30,136.81,31.29,2.43,369.76,374.20,172.52,22.89,2.01,0.14,2.66
Rother,E07000064,93113,146.28,76.79,86.41,142.12,387.26,161.14,422.73,360.93,156.38,46.88,13.05,14.93,6.02,18.28,955.74,5.03,457.25,367.56,145.17,28.31,1.71,430.93,356.06,131.99,20.00,1.19,0.00,3.75
Wealden,E07000065,160151,165.49,80.72,96.12,165.19,363.90,128.59,482.16,347.39,126.19,35.14,9.12,14.05,4.03,16.92,960.39,4.61,524.84,342.61,112.90,18.85,0.81,407.68,356.95,140.69,18.27,0.92,0.06,2.34
Basildon,E07000066,187571,207.43,93.97,139.97,197.82,282.18,78.63,484.69,342.19,122.74,38.54,11.84,42.62,47.52,26.33,874.97,8.56,461.70,343.39,152.59,39.43,2.89,303.29,382.91,213.39,30.98,2.67,0.29,2.96
Braintree,E07000067,155270,184.83,89.06,122.98,190.73,319.98,92.41,472.56,356.45,126.59,34.98,9.41,16.53,12.17,19.41,946.65,5.25,499.91,341.50,129.91,27.21,1.48,361.35,367.34,175.20,19.73,1.26,0.05,2.59
Brentwood,E07000068,77046,184.05,86.95,128.08,195.42,304.66,100.85,539.78,316.86,105.66,28.74,8.97,50.79,22.67,30.73,885.08,10.72,554.54,314.51,107.14,22.14,1.67,359.41,356.16,176.06,25.54,1.92,0.19,2.91
Castle Point,E07000069,89587,169.39,91.42,109.67,170.43,337.40,121.69,456.82,350.92,137.56,42.50,12.20,17.30,13.16,16.14,948.64,4.76,438.31,368.05,157.75,33.83,2.06,330.77,391.67,187.57,21.53,2.41,0.05,4.07
Chelmsford,E07000070,181523,186.12,92.10,131.33,203.22,295.10,92.13,515.70,338.18,110.14,28.04,7.94,53.14,26.20,26.02,885.29,9.34,545.69,322.29,108.35,22.47,1.19,358.37,359.43,175.93,20.72,1.87,0.09,2.28
Colchester,E07000071,192716,188.75,119.35,135.34,196.66,276.78,83.11,491.80,347.47,118.91,32.59,9.23,51.41,34.56,29.07,870.20,14.76,513.62,332.46,123.35,28.75,1.82,345.04,377.53,183.90,21.03,2.32,0.14,1.82
Epping Forest,E07000072,134979,185.57,91.38,121.74,199.93,308.47,92.90,518.04,328.66,112.34,31.22,9.76,71.70,29.13,36.27,840.64,22.26,511.12,331.80,126.58,28.59,1.91,331.74,351.23,202.21,31.45,2.99,0.11,2.84
Harlow,E07000073,93328,216.72,95.18,151.93,209.75,260.18,66.24,477.45,344.01,127.65,39.21,11.69,59.52,62.43,32.66,827.32,18.06,429.31,353.89,167.74,44.09,4.97,253.54,372.41,258.06,62.55,6.63,0.69,2.01
Maldon,E07000074,66209,162.82,87.86,101.77,166.22,365.24,116.10,466.75,354.47,131.05,37.56,10.15,11.19,3.56,13.55,968.56,3.14,496.13,347.24,128.57,27.03,1.04,394.62,366.88,136.45,17.06,1.29,0.04,2.10
Rochford,E07000075,85661,174.54,90.04,106.71,180.81,334.60,113.31,488.74,345.21,123.60,33.12,9.33,13.83,7.39,16.72,958.60,3.46,494.11,348.54,134.40,21.51,1.43,347.44,380.43,173.81,18.70,1.07,0.14,3.13
Tendring,E07000076,148291,157.80,82.46,99.78,148.50,366.65,144.81,394.44,356.18,171.69,59.96,17.74,12.10,6.14,16.14,961.99,3.64,383.37,376.90,189.10,47.01,3.62,389.58,388.70,146.95,19.21,1.07,0.01,3.88
Uttlesford,E07000077,91341,195.09,84.84,104.62,197.47,323.56,94.43,539.99,327.32,100.50,25.19,7.00,18.85,7.76,22.07,944.74,6.58,580.43,307.49,94.87,16.53,0.68,378.76,361.77,147.79,15.26,0.87,0.08,1.41
Cheltenham,E07000078,118834,171.67,112.12,138.39,195.35,286.25,96.23,506.90,336.03,116.77,31.09,9.23,41.42,9.94,24.82,913.52,10.31,561.60,306.92,106.11,23.82,1.55,394.37,352.41,161.93,16.14,2.16,0.06,1.82
Cotswold,E07000079,90833,159.82,81.77,94.42,174.74,364.35,124.91,504.01,341.74,116.25,29.70,8.29,13.16,4.43,15.34,963.45,3.63,570.12,317.98,94.88,16.41,0.62,447.87,339.16,124.64,14.24,0.79,0.07,1.46
Forest of Dean,E07000080,87004,160.42,94.35,105.85,161.71,362.87,114.81,448.14,355.25,142.00,42.09,12.52,7.18,2.78,10.63,975.46,3.94,480.91,348.25,139.94,29.58,1.32,419.00,345.57,144.10,16.23,0.67,0.00,1.29
Gloucester,E07000081,132416,192.40,110.25,141.12,194.45,282.82,78.96,467.33,352.95,130.34,39.06,10.32,64.52,36.45,37.87,849.31,11.86,489.38,337.43,135.61,34.80,2.78,365.59,349.70,178.89,20.27,2.62,0.16,1.84
Stroud,E07000082,121103,172.65,82.15,104.13,182.12,351.00,107.96,486.31,347.29,124.89,33.15,8.36,10.37,4.36,17.93,963.64,3.70,551.59,322.88,103.57,20.87,1.09,412.04,341.04,148.59,15.73,1.30,0.00,1.43
Tewkesbury,E07000083,94884,184.76,80.67,120.64,185.74,321.81,106.37,497.83,342.96,119.99,31.15,8.07,20.28,6.27,17.91,950.72,4.83,550.76,324.20,104.49,19.47,1.08,401.90,349.91,151.52,15.56,1.25,0.05,1.85
Basingstoke and Deane,E07000084,185154,190.91,88.06,138.51,209.63,294.30,78.60,501.17,349.78,112.21,29.27,7.58,59.23,19.50,25.48,884.89,10.90,550.36,319.97,107.01,21.53,1.12,347.18,370.30,184.36,19.64,1.40,0.14,1.55
East Hampshire,E07000085,125742,174.26,85.21,102.97,182.08,343.91,111.56,507.61,343.08,113.51,28.62,7.20,18.85,5.23,16.53,954.28,5.11,569.90,315.53,94.96,18.46,1.16,381.20,367.39,154.75,17.30,1.35,0.09,1.56
Eastleigh,E07000086,136443,191.37,86.12,130.71,198.85,300.51,92.43,498.24,347.40,116.50,29.96,7.90,38.52,9.53,20.65,924.06,7.24,551.58,321.30,105.97,20.20,0.95,352.48,366.38,184.46,19.68,0.76,0.05,1.30
Fareham,E07000087,114513,164.83,84.51,106.82,177.75,343.52,122.57,481.91,353.84,123.92,32.29,8.04,18.46,5.85,15.08,956.22,4.38,546.19,330.29,106.11,16.45,0.97,392.26,361.34,150.85,12.17,0.84,0.02,2.31
Gosport,E07000088,81953,179.87,92.31,122.95,180.19,325.24,99.45,433.22,363.98,148.06,43.77,10.96,14.26,12.01,14.77,953.47,5.49,459.97,356.69,147.68,33.63,2.03,368.60,361.09,182.90,14.89,2.17,0.08,1.90
Hart,E07000089,99408,191.94,89.39,109.80,206.30,305.35,97.23,548.80,328.99,94.00,21.90,6.32,36.17,8.48,22.44,925.03,7.88,606.85,297.74,81.67,13.16,0.58,378.64,360.12,152.54,14.84,0.88,0.03,1.51
Havant,E07000090,124208,171.83,87.41,114.88,166.38,340.18,119.32,443.03,355.73,145.10,43.77,12.36,16.96,6.04,13.84,959.08,4.08,455.35,353.54,149.66,37.69,3.75,357.07,375.64,183.08,23.23,1.79,0.24,2.38
New Forest,E07000091,175785,153.83,77.10,92.19,158.60,370.66,147.62,461.22,355.12,135.77,37.17,10.72,11.96,4.00,12.60,967.78,3.66,514.49,342.88,119.45,21.54,1.64,409.24,359.11,149.27,16.84,1.11,0.04,1.72
Rushmoor,E07000092,99756,189.31,96.51,164.38,211.96,269.12,68.73,495.49,348.99,117.98,29.72,7.82,146.93,25.37,25.84,774.06,27.80,510.91,327.93,128.18,30.84,2.14,291.27,346.22,250.48,35.65,3.69,0.46,2.20
Test Valley,E07000093,130492,181.93,81.68,119.52,193.77,321.73,101.37,503.45,343.64,114.37,30.33,8.21,32.83,11.17,17.72,930.77,7.51,556.78,319.98,101.87,20.40,0.97,379.60,368.78,156.76,14.90,1.08,0.07,1.69
Winchester,E07000094,127444,178.07,124.00,103.26,185.10,306.23,103.34,532.39,329.47,103.86,27.20,7.08,30.74,6.21,20.32,936.14,6.59,583.06,303.68,94.89,17.29,1.08,381.30,357.30,165.75,17.00,1.55,0.12,1.49
Broxbourne,E07000095,99007,197.66,95.99,132.20,204.45,284.60,85.09,501.28,337.57,117.38,33.88,9.90,36.94,66.54,39.69,811.06,45.76,464.89,350.61,145.87,35.21,3.41,303.44,342.28,236.01,44.57,4.14,0.75,2.17
Dacorum,E07000096,155081,201.84,85.89,128.80,211.90,289.87,81.71,519.75,330.61,110.72,30.85,8.07,57.70,28.44,33.96,867.95,11.96,539.28,317.91,114.19,26.38,2.24,321.89,368.59,203.35,27.27,2.14,0.13,2.01
Hertsmere,E07000098,107827,200.65,94.25,119.76,212.92,286.19,86.23,534.67,318.92,107.60,29.72,9.10,104.98,48.05,37.45,771.10,38.42,518.74,331.45,121.15,26.87,1.78,305.49,344.76,225.55,42.36,4.90,0.61,2.95
North Hertfordshire,E07000099,133210,191.18,82.57,122.42,209.78,299.92,94.13,505.86,340.19,115.33,30.70,7.93,52.22,24.28,36.88,875.46,11.16,550.50,315.48,110.33,22.23,1.46,354.97,368.36,181.64,18.60,0.99,0.14,2.24
Three Rivers,E07000102,93770,200.15,91.04,109.74,214.55,298.42,86.10,536.74,323.74,104.38,27.58,7.57,152.12,23.81,36.15,771.19,16.72,553.28,314.32,108.11,22.08,2.20,336.14,319.91,211.94,33.48,2.47,0.22,2.44
Watford,E07000103,102247,208.15,94.52,161.53,240.86,236.26,58.68,523.82,335.24,103.68,28.90,8.35,244.87,63.46,47.38,608.62,35.68,505.98,330.95,128.47,31.90,2.70,275.89,298.55,282.40,56.07,9.74,1.03,2.32
Ashford,E07000105,132747,195.70,92.52,126.61,188.25,305.74,91.19,484.64,344.86,124.68,35.77,10.06,57.76,25.79,21.67,880.59,14.18,499.86,337.51,132.15,28.52,1.96,349.51,363.94,185.67,24.56,1.49,0.07,2.61
Canterbury,E07000106,157429,156.61,169.37,108.48,162.36,299.43,103.75,470.27,346.80,131.88,39.54,11.51,40.51,24.81,27.42,892.29,14.97,472.94,349.48,142.32,32.79,2.46,358.51,371.11,175.46,22.62,2.60,0.25,2.86
Dartford,E07000107,116753,223.16,88.94,152.31,224.49,247.40,63.69,523.57,331.30,107.54,29.04,8.56,98.61,105.20,31.16,744.61,20.43,521.84,321.30,126.64,28.06,2.17,287.18,339.75,250.55,45.37,4.88,0.37,2.44
Dover,E07000108,116413,174.20,86.24,115.33,169.18,344.70,110.34,442.00,349.71,146.34,48.20,13.72,20.63,7.19,15.07,948.53,8.58,451.48,349.75,158.31,37.94,2.51,376.66,375.85,162.11,22.61,1.68,0.06,2.91
Gravesham,E07000109,106900,209.03,96.95,132.35,199.16,281.09,81.43,486.56,340.65,124.33,38.24,10.22,112.24,65.03,26.45,766.06,30.21,451.42,353.18,153.03,38.97,3.40,301.51,343.88,241.23,36.19,5.97,0.58,2.76
Maidstone,E07000110,175782,191.41,89.86,133.33,199.14,297.00,89.26,497.74,340.09,119.57,33.18,9.43,46.72,20.51,22.83,898.07,11.86,515.44,333.74,121.43,27.20,2.19,350.10,346.73,193.44,25.83,2.75,0.21,2.26
Sevenoaks,E07000111,120511,198.39,82.62,102.69,194.04,317.81,104.45,526.18,323.05,111.25,30.37,9.19,28.91,16.03,26.40,921.09,7.58,546.73,317.45,110.15,24.34,1.33,366.82,353.89,170.83,21.59,1.75,0.08,2.28
Folkestone and Hythe,E07000112,109759,165.85,85.19,109.61,171.34,351.97,116.05,431.89,350.15,153.07,50.28,14.60,38.91,6.21,19.21,925.79,9.88,444.23,354.63,158.16,39.70,3.29,376.72,376.74,158.55,23.09,2.42,0.14,3.32
Swale,E07000113,151677,195.66,94.58,131.16,188.65,304.67,85.29,454.70,347.70,140.68,44.09,12.84,15.24,22.99,18.07,938.45,5.25,443.20,352.08,157.72,44.22,2.78,331.21,368.88,204.86,26.58,1.44,0.08,2.64
Thanet,E07000114,140587,179.04,87.63,115.82,176.56,330.68,110.27,419.67,350.40,157.54,55.65,16.74,23.18,10.53,24.33,929.81,12.15,411.51,361.45,176.14,46.78,4.12,351.01,384.08,171.24,29.65,3.54,0.13,3.19
Tonbridge and Malling,E07000115,132201,201.78,88.03,114.91,200.09,303.41,91.78,513.58,333.22,113.15,31.50,8.55,29.32,9.94,22.26,932.57,5.91,539.11,320.13,115.05,24.53,1.18,356.06,353.75,180.36,20.83,1.08,0.04,1.85
Tunbridge Wells,E07000116,115313,198.67,85.22,111.37,204.11,304.87,95.77,527.55,325.31,109.15,29.62,8.37,39.60,9.81,25.57,915.43,9.59,552.52,310.83,109.86,24.64,2.16,346.56,355.41,183.85,29.07,4.87,0.25,1.81
Burnley,E07000117,94646,205.47,99.37,136.30,187.41,293.81,77.64,450.61,333.56,145.89,53.60,16.33,147.17,3.44,15.90,825.26,8.22,408.93,342.82,183.49,61.20,3.56,343.95,380.07,182.31,43.99,0.88,0.00,3.06
Chorley,E07000118,117730,181.46,83.84,121.16,196.89,325.60,91.06,486.98,332.19,129.09,40.22,11.53,18.72,5.55,15.06,956.30,4.37,525.41,325.64,119.98,28.05,0.92,382.47,384.52,149.21,13.09,0.32,0.00,1.92
Fylde,E07000119,81374,149.03,75.38,98.82,164.86,375.87,136.05,459.94,336.97,145.19,44.74,13.15,14.41,4.07,14.23,962.61,4.68,508.14,339.17,123.60,27.39,1.70,444.53,344.67,122.62,8.83,0.69,0.11,3.12
Hyndburn,E07000120,82234,201.89,102.45,133.91,182.24,297.83,81.68,439.25,343.05,147.74,53.35,16.62,150.80,2.72,13.27,826.68,6.53,424.43,340.53,175.11,57.06,2.87,339.93,389.02,178.96,45.19,0.57,0.00,2.57
Lancaster,E07000121,142932,162.97,153.56,113.54,168.10,306.21,95.63,464.93,341.82,137.26,43.48,12.52,36.06,8.50,15.42,930.91,9.11,483.94,338.69,139.77,35.55,2.07,400.97,353.94,155.89,15.24,0.92,0.08,1.99
Pendle,E07000122,95757,214.45,101.59,125.56,190.73,289.43,78.24,467.35,336.84,137.66,44.76,13.42,267.06,2.55,15.54,705.71,9.15,425.05,350.26,169.44,52.51,2.73,352.65,353.81,189.96,55.90,0.50,0.00,2.72
Preston,E07000123,147836,197.29,139.36,147.08,189.86,259.31,67.11,484.22,330.89,129.14,43.15,12.60,201.68,23.60,29.54,725.96,19.22,466.14,336.07,149.83,45.30,2.67,349.19,368.50,196.55,22.23,1.98,0.10,2.10
Ribble Valley,E07000124,61558,164.06,84.83,99.66,171.37,365.70,114.38,525.68,321.06,115.61,30.13,7.55,20.55,2.03,11.95,962.49,2.97,585.97,304.93,91.79,16.30,1.01,411.07,352.68,137.10,16.71,0.71,0.00,2.36
Rossendale,E07000125,70871,191.49,87.36,122.86,190.05,326.83,81.42,470.01,332.38,136.49,48.40,12.76,54.69,2.43,14.72,924.39,3.77,479.89,329.54,147.12,41.56,1.90,352.64,384.94,164.88,37.53,0.43,0.03,2.34
South Ribble,E07000126,111035,175.94,86.93,119.16,186.44,332.69,98.84,478.88,340.64,130.90,38.89,10.69,20.78,4.85,17.18,953.92,3.26,524.02,330.18,120.83,23.83,1.13,400.65,367.60,146.44,10.27,0.31,0.02,2.03
West Lancashire,E07000127,117431,162.61,133.75,105.33,165.81,330.17,102.33,480.79,331.41,131.17,43.55,13.06,10.49,3.30,13.17,969.05,3.98,487.07,338.78,140.48,32.29,1.38,407.41,345.83,149.61,11.19,0.52,0.00,2.22
Wyre,E07000128,111945,157.18,82.69,101.24,157.33,367.38,134.19,443.28,332.76,154.77,52.72,16.47,9.91,2.44,10.14,974.93,2.59,460.26,348.79,153.51,35.71,1.73,425.83,356.04,130.70,8.82,0.57,0.02,3.04
Blaby,E07000129,102924,187.12,86.82,126.50,192.42,310.73,96.40,490.39,344.88,122.77,32.33,9.65,82.56,15.49,26.86,862.32,12.78,536.28,328.62,115.16,19.33,0.61,384.45,348.04,167.66,11.44,0.42,0.00,2.02
Charnwood,E07000130,183971,167.80,151.44,123.60,181.15,289.20,86.80,490.59,345.80,121.45,32.89,9.26,124.22,15.44,25.33,823.28,11.73,529.52,323.68,120.20,25.55,1.04,381.35,360.55,162.78,12.22,0.77,0.03,1.76
Harborough,E07000131,97626,176.15,87.52,107.42,187.81,337.96,103.14,515.05,335.13,112.84,29.19,7.81,54.27,7.16,20.52,910.14,7.91,578.77,308.61,96.45,15.47,0.69,415.31,354.27,123.35,10.59,0.69,0.00,1.55
Hinckley and Bosworth,E07000132,113640,173.55,82.59,121.51,186.77,333.20,102.38,465.62,355.46,131.71,36.64,10.58,27.69,6.09,17.51,943.15,5.56,514.13,336.88,123.65,24.27,1.07,397.37,373.51,142.54,10.68,0.32,0.02,1.82
Melton,E07000133,51752,170.16,81.60,106.43,173.13,362.65,106.02,478.20,351.41,130.57,31.34,8.48,11.57,3.71,12.73,968.89,3.09,530.56,337.52,111.39,19.43,1.11,438.20,338.58,133.42,8.98,0.44,0.00,1.76
North West Leicestershire,E07000134,104704,177.06,96.17,124.00,190.72,323.35,88.71,469.71,351.91,130.35,37.40,10.66,14.74,6.13,15.20,959.33,4.59,515.38,331.53,126.12,25.82,1.16,402.04,364.06,140.24,8.54,0.64,0.04,2.02
Oadby and Wigston,E07000135,57747,182.47,111.95,115.17,181.59,300.33,108.49,460.08,359.22,132.66,37.58,10.46,279.34,21.72,32.43,633.66,32.85,491.22,346.19,136.68,24.28,1.64,375.81,343.67,181.65,15.56,0.53,0.00,2.79
Boston,E07000136,70502,183.23,93.00,128.28,191.37,308.08,96.04,421.93,370.46,149.61,45.29,12.71,20.47,6.62,14.40,946.50,12.01,408.58,386.04,162.39,40.16,2.82,350.73,370.87,187.59,24.32,1.87,0.00,2.23
East Lindsey,E07000137,142296,146.72,76.23,94.39,143.12,399.16,140.38,379.03,356.95,182.36,63.03,18.63,7.97,2.05,10.43,977.55,2.00,397.77,369.18,184.73,45.62,2.70,404.59,394.09,129.46,17.11,1.51,0.05,2.24
Lincoln,E07000138,103811,161.31,206.84,150.33,173.15,242.06,66.31,438.22,368.10,139.14,42.97,11.59,32.24,14.12,19.92,921.50,12.21,451.54,344.61,157.11,43.88,2.87,354.26,382.82,170.92,28.58,1.41,0.02,1.58
North Kesteven,E07000139,118076,169.89,85.73,116.01,177.34,338.21,112.81,462.82,354.22,134.42,38.19,10.33,9.82,3.52,11.59,971.69,3.38,522.68,336.50,119.28,20.83,0.71,420.74,368.49,122.20,10.02,0.25,0.00,1.65
South Holland,E07000140,95122,169.51,84.50,116.51,177.78,337.59,114.11,414.06,377.23,151.92,44.87,11.92,12.36,5.44,12.88,963.22,6.11,440.43,373.56,155.34,29.31,1.35,400.04,357.44,152.89,17.89,1.11,0.10,1.86
South Kesteven,E07000141,143405,177.08,82.44,108.59,182.02,342.33,107.54,460.05,356.86,135.41,38.05,9.63,17.64,6.10,13.60,958.27,4.39,516.95,337.01,122.10,22.99,0.95,440.49,342.53,126.49,10.50,0.45,0.02,1.89
West Lindsey,E07000142,95153,168.53,81.00,103.89,166.74,364.31,115.54,438.17,359.22,146.58,44.42,11.60,11.94,3.50,11.36,969.61,3.59,492.47,341.47,134.72,30.06,1.28,454.59,344.83,113.30,9.89,0.40,0.00,1.69
Breckland,E07000143,141476,166.98,84.46,117.34,170.39,341.96,118.87,425.57,370.49,149.36,43.18,11.40,9.47,5.80,14.50,964.52,5.72,454.88,368.81,145.56,29.37,1.38,383.16,382.58,152.48,16.88,1.03,0.00,2.09
Broadland,E07000144,131722,161.06,80.28,103.56,179.09,349.49,126.53,450.74,364.38,138.96,36.52,9.39,13.90,5.19,13.98,963.15,3.77,509.88,345.68,123.46,20.26,0.73,416.25,367.72,130.39,13.09,0.36,0.02,2.35
Great Yarmouth,E07000145,99750,170.72,91.23,117.22,169.27,339.64,111.92,401.86,359.24,166.41,56.24,16.23,19.41,11.07,15.79,945.97,7.76,381.53,367.64,191.41,55.47,3.95,381.69,379.76,153.87,19.51,2.85,0.20,2.08
King's Lynn and West Norfolk,E07000146,154325,164.80,83.23,114.95,166.73,344.96,125.33,417.39,369.10,154.15,46.05,13.32,18.70,5.46,13.10,956.18,6.56,439.67,367.78,155.99,34.54,2.02,394.94,372.87,150.14,17.91,1.20,0.04,2.52
North Norfolk,E07000147,102980,134.35,71.43,86.77,141.88,403.34,162.23,393.47,376.06,170.15,46.81,13.51,5.49,1.78,9.50,980.86,2.38,444.04,376.50,148.55,29.21,1.70,454.19,359.76,118.29,15.59,0.93,0.02,1.80
Norwich,E07000148,143922,160.91,176.81,164.98,191.90,235.63,69.77,439.35,362.86,141.37,44.34,12.08,54.66,24.86,31.40,871.44,17.64,449.62,343.91,155.99,47.35,3.13,359.22,390.99,179.25,19.62,2.54,0.05,1.39
South Norfolk,E07000149,141948,174.21,79.77,108.99,183.54,336.36,117.13,470.19,354.64,131.75,34.36,9.07,18.05,8.20,14.75,954.39,4.61,516.73,345.83,115.90,20.54,0.99,409.34,370.87,131.88,14.40,0.62,0.02,1.53
Ashfield,E07000170,126297,185.71,91.74,130.49,186.14,314.36,91.55,424.05,347.40,157.66,55.01,15.91,15.58,12.47,16.30,951.29,4.35,431.45,343.48,176.36,46.45,2.26,360.28,396.77,166.16,14.66,0.39,0.00,2.99
Bassetlaw,E07000171,117805,173.48,86.70,120.28,177.41,340.24,101.88,438.68,347.51,151.62,47.69,14.49,12.35,6.25,11.93,964.49,4.98,468.24,343.02,150.17,37.15,1.42,415.48,356.60,140.13,10.98,0.84,0.04,1.82
Broxtowe,E07000172,110939,165.86,98.87,131.19,182.36,318.54,103.18,462.70,346.20,139.50,40.22,11.39,55.45,16.83,25.41,889.09,13.21,500.20,337.83,132.30,28.62,1.05,392.94,375.24,150.60,10.98,0.52,0.00,2.35
Gedling,E07000173,117260,177.43,83.17,123.17,190.11,325.87,100.26,460.31,348.37,138.01,41.28,12.06,38.65,22.81,35.22,894.72,8.60,507.28,329.27,133.95,28.36,1.14,407.54,358.60,147.10,10.75,0.35,0.00,2.47
Mansfield,E07000174,110482,183.85,87.40,136.69,189.89,314.56,87.62,426.52,343.98,156.60,56.56,16.33,20.22,10.63,13.98,947.77,7.40,424.94,346.49,175.79,50.59,2.19,386.55,362.63,163.25,13.18,0.69,0.04,2.67
Newark and Sherwood,E07000175,122955,170.70,89.81,119.85,177.80,338.12,103.73,446.94,350.31,144.82,45.16,12.78,11.48,6.54,15.00,962.65,4.34,491.29,334.55,139.64,32.68,1.84,405.07,378.93,139.23,11.23,0.51,0.02,1.81
Rushcliffe,E07000176,119077,179.33,95.61,108.42,194.18,318.12,104.34,531.04,320.29,109.98,30.48,8.21,56.90,9.20,27.74,897.13,9.04,583.86,305.34,95.26,15.12,0.42,430.90,332.02,132.65,8.00,0.32,0.04,1.70
Cherwell,E07000177,161012,188.98,89.20,142.32,207.96,291.12,80.41,507.78,343.44,111.58,29.18,8.05,60.28,17.67,28.66,880.86,12.54,541.07,325.61,108.66,23.22,1.44,347.79,367.03,181.61,23.90,2.14,0.18,1.43
Oxford,E07000178,162040,156.27,223.30,176.94,181.71,206.97,54.81,547.81,321.86,96.91,26.05,7.37,154.23,46.50,55.57,706.99,36.71,521.95,321.89,121.53,31.99,2.64,306.88,339.47,243.49,30.43,5.14,0.38,1.08
South Oxfordshire,E07000179,149082,185.09,82.91,118.26,198.96,313.65,101.11,534.21,329.98,103.35,25.70,6.78,28.59,9.84,22.82,930.89,7.85,586.61,309.09,88.02,15.55,0.73,388.64,347.77,162.28,18.46,1.07,0.00,1.37
Vale of White Horse,E07000180,138913,190.67,85.80,128.75,199.74,299.77,95.27,523.54,336.18,107.90,25.81,6.57,39.52,16.67,24.85,907.79,11.17,581.48,309.80,91.34,16.52,0.85,396.78,342.71,154.44,15.55,0.66,0.05,1.35
West Oxfordshire,E07000181,114236,178.81,86.15,119.84,187.70,321.92,105.57,512.62,339.95,111.75,27.99,7.69,16.95,6.32,18.74,952.18,5.81,566.17,318.37,97.04,17.59,0.83,391.33,354.90,156.58,18.61,1.52,0.15,1.57
Cannock Chase,E07000192,100519,179.48,91.93,137.21,184.23,318.70,88.45,433.34,355.94,146.66,49.29,14.77,12.02,4.70,14.15,966.26,2.88,455.71,338.24,163.49,41.05,1.50,344.75,397.31,169.16,15.37,0.48,0.00,2.64
East Staffordshire,E07000193,124022,189.57,95.24,135.41,190.10,303.43,86.25,465.38,354.69,131.58,37.39,10.94,93.15,11.09,21.96,863.17,10.64,493.60,339.38,134.11,31.08,1.83,400.87,334.86,165.52,14.45,0.86,0.00,3.14
Lichfield,E07000194,106436,167.61,87.05,113.00,178.94,336.76,116.64,471.11,348.15,130.82,39.10,10.81,23.45,5.65,18.67,948.15,4.09,520.07,328.03,126.28,24.30,1.31,407.85,353.43,143.77,11.70,0.64,0.02,2.64
Newcastle-under-Lyme,E07000195,123299,163.15,121.00,116.91,175.14,321.47,102.33,439.49,352.96,145.00,48.44,14.12,37.65,10.45,16.12,928.82,6.95,467.65,341.11,153.30,36.45,1.50,398.59,364.79,148.40,13.27,0.58,0.02,2.84
South Staffordshire,E07000196,110471,154.77,86.68,109.16,170.72,355.98,122.68,450.05,357.27,139.59,41.08,12.01,28.13,9.33,20.29,937.50,4.74,502.87,336.40,133.87,26.11,0.76,416.90,341.41,139.98,13.83,0.26,0.00,2.27
Stafford,E07000197,136867,169.89,82.58,119.55,183.32,334.21,110.45,467.84,350.19,132.98,38.02,10.98,30.43,10.52,18.65,933.77,6.63,529.84,327.04,117.82,23.98,1.32,430.22,338.21,133.76,9.89,0.77,0.00,2.34
Staffordshire Moorlands,E07000198,95845,156.40,82.54,100.11,166.83,371.16,122.96,446.61,354.49,142.52,43.24,13.17,6.87,1.96,9.41,980.04,1.72,493.26,341.61,137.46,27.13,0.54,425.55,356.20,133.04,12.09,0.33,0.00,2.80
Tamworth,E07000199,78647,188.89,96.18,136.45,190.59,307.22,80.68,455.17,348.81,138.87,43.66,13.48,13.75,6.26,18.72,957.62,3.66,456.98,345.99,158.84,36.97,1.22,332.89,402.93,179.76,16.17,1.03,0.03,2.45
Babergh,E07000200,92345,162.02,83.46,98.22,168.99,360.02,127.29,463.18,358.82,133.76,34.92,9.25,9.48,5.45,14.63,966.72,3.73,511.83,347.67,116.37,23.21,0.92,418.44,365.41,134.98,13.56,0.57,0.00,2.21
Ipswich,E07000202,139642,199.15,103.05,148.29,204.09,268.45,76.97,456.37,357.75,135.38,39.83,10.67,54.50,34.96,45.90,843.27,21.37,451.96,346.26,156.82,42.33,2.62,368.41,323.44,204.18,22.77,3.28,0.27,2.28
Mid Suffolk,E07000203,102695,159.60,85.12,108.96,169.82,360.20,116.30,469.40,359.90,128.57,33.63,8.53,7.99,5.38,14.25,968.47,3.90,521.71,340.96,116.03,20.39,0.92,414.81,369.64,128.81,13.87,0.54,0.00,1.72
Elmbridge,E07000207,138754,216.07,77.37,97.23,228.63,292.29,88.41,589.11,295.28,86.97,21.89,6.76,65.24,12.47,40.99,861.23,20.07,618.65,281.11,83.51,15.76,0.97,362.67,340.96,165.65,24.95,2.30,0.20,1.92
Epsom and Ewell,E07000208,80936,201.78,93.20,108.64,221.64,287.44,87.30,542.71,326.52,100.20,23.97,6.62,114.08,19.39,43.86,794.59,28.08,575.94,305.67,97.60,19.03,1.76,345.07,302.42,215.19,31.45,3.32,0.26,2.71
Guildford,E07000209,143650,169.12,155.81,119.90,190.90,279.83,84.44,547.66,325.03,95.49,24.58,7.25,67.04,14.97,30.53,868.71,18.75,577.17,306.73,95.27,19.26,1.58,355.09,338.77,192.02,23.57,3.32,0.29,1.53
Mole Valley,E07000210,87386,172.19,83.40,94.27,187.51,343.27,119.36,525.85,329.64,107.69,28.62,8.19,30.18,8.08,25.11,927.44,9.20,567.11,309.90,99.30,21.38,2.32,389.68,332.44,168.90,22.89,2.67,0.16,2.73
Reigate and Banstead,E07000211,150846,203.63,82.40,125.17,216.90,286.78,85.13,538.00,325.04,103.03,26.38,7.56,75.46,29.27,36.73,844.13,14.41,570.57,308.34,98.90,20.55,1.64,352.40,321.16,197.93,34.44,3.58,0.37,2.65
Runnymede,E07000212,88079,174.40,148.32,120.70,197.27,273.27,86.05,523.71,334.31,106.09,28.24,7.65,92.42,18.06,35.34,835.13,19.05,533.99,324.53,117.86,22.19,1.44,323.64,356.54,205.26,30.43,3.16,0.23,1.76
Spelthorne,E07000213,102955,190.32,86.58,130.69,213.27,288.66,90.49,504.23,344.15,113.08,29.84,8.71,127.68,24.75,36.55,786.71,24.31,509.10,335.56,125.82,27.39,2.13,311.59,341.78,231.86,39.30,4.33,0.19,1.98
Surrey Heath,E07000214,90452,184.29,88.58,114.31,204.08,311.30,97.44,538.08,327.86,101.80,24.86,7.41,89.07,15.79,27.20,850.15,17.80,579.23,310.82,91.45,17.39,1.11,386.44,331.87,160.10,19.69,1.83,0.08,2.52
Tandridge,E07000215,87874,193.98,87.53,102.41,195.68,318.30,102.10,522.53,329.51,110.21,29.25,8.53,37.22,21.95,37.91,894.25,8.67,559.71,316.43,101.12,21.34,1.40,376.23,334.91,169.39,27.31,2.05,0.08,2.39
Waverley,E07000216,128227,191.80,92.66,91.75,198.82,312.87,112.10,546.48,321.05,100.47,25.24,6.78,28.27,6.92,22.20,936.53,6.08,595.41,299.38,87.88,16.47,0.86,388.08,346.51,156.82,19.28,1.72,0.04,2.34
Woking,E07000217,103942,201.66,86.49,132.01,228.11,272.16,79.57,532.98,331.34,101.59,26.71,7.39,141.82,18.08,34.77,784.36,20.97,562.11,310.13,103.51,22.42,1.83,327.87,344.72,208.46,31.73,3.69,0.27,1.79
North Warwickshire,E07000218,65035,171.25,87.57,119.81,177.70,342.60,101.07,454.94,347.44,140.80,44.04,12.76,12.98,5.60,17.11,961.22,3.09,472.52,349.31,144.74,32.16,1.27,372.08,369.29,171.46,15.34,0.65,0.00,2.31
Nuneaton and Bedworth,E07000219,134197,190.83,93.08,137.52,189.16,301.73,87.68,443.07,353.79,144.41,45.27,13.47,80.34,18.23,18.25,871.39,11.79,450.52,346.00,159.53,41.30,2.65,356.20,370.89,182.70,18.36,0.88,0.04,2.04
Rugby,E07000220,114362,193.91,90.09,136.37,205.65,284.18,89.81,488.31,348.46,120.47,33.99,8.78,76.32,27.19,28.00,857.03,11.45,533.78,330.50,111.26,23.52,0.94,373.94,352.41,168.20,17.99,1.02,0.06,1.51
Stratford-on-Avon,E07000221,134725,163.93,77.01,105.15,177.32,352.70,123.90,496.40,342.75,120.19,31.73,8.93,19.05,3.58,16.98,955.08,5.31,565.12,317.84,97.91,18.63,0.50,419.14,359.23,131.52,12.66,0.52,0.03,2.00
Warwick,E07000222,148453,169.76,124.43,135.28,195.15,282.96,92.42,520.92,331.38,109.84,29.59,8.27,97.02,10.89,30.17,845.61,16.31,574.18,302.10,99.49,22.45,1.77,378.17,362.53,164.15,16.07,1.28,0.03,1.63
Adur,E07000223,64547,179.62,80.31,105.63,194.68,321.67,118.08,453.50,349.71,141.11,43.38,12.25,21.61,8.21,25.21,934.17,10.80,454.66,356.67,151.53,33.82,3.32,331.82,372.06,206.70,30.46,2.64,0.11,1.35
Arun,E07000224,164889,153.65,81.90,107.57,164.00,349.76,143.13,431.90,365.72,148.09,43.12,11.17,15.95,5.20,15.06,958.24,5.54,459.26,364.83,144.71,28.54,2.66,360.29,387.38,172.14,25.03,3.45,0.25,1.94
Chichester,E07000225,124068,156.03,94.96,101.19,161.82,350.04,135.97,490.37,342.73,123.85,33.68,9.37,17.47,6.31,16.50,954.32,5.39,534.70,332.83,109.34,21.88,1.26,409.81,356.57,150.56,20.84,0.83,0.07,2.32
Crawley,E07000226,118493,210.34,98.55,157.11,224.44,251.20,58.36,490.76,349.82,116.07,33.55,9.80,153.90,44.99,40.83,733.71,26.57,460.05,347.49,152.32,37.54,2.62,278.52,330.37,271.14,40.72,5.45,0.51,1.69
Horsham,E07000227,146778,177.92,82.55,108.70,185.40,334.96,110.47,514.73,339.47,110.49,27.71,7.60,27.08,8.94,21.33,936.41,6.25,567.13,317.49,96.79,17.17,1.41,374.81,360.69,169.71,19.72,1.59,0.00,1.53
Mid Sussex,E07000228,152566,191.72,82.42,110.43,206.13,308.44,100.85,529.22,330.74,105.06,27.40,7.58,36.08,8.76,25.08,922.38,7.69,573.00,313.11,95.94,16.86,1.09,352.67,368.51,177.24,22.84,1.59,0.24,2.09
Worthing,E07000229,111338,170.50,85.39,119.94,195.27,316.78,112.12,452.73,356.41,138.48,40.65,11.75,39.40,11.51,25.63,913.52,9.94,477.50,347.74,138.79,32.28,3.69,328.64,371.36,204.05,26.51,5.09,0.48,1.87
Bromsgrove,E07000234,99183,182.31,84.79,104.16,185.88,329.40,113.46,506.67,331.21,118.01,33.56,10.55,31.85,7.72,24.34,930.69,5.39,547.35,320.38,110.44,21.04,0.80,397.59,353.63,145.94,10.42,0.95,0.02,2.49
Malvern Hills,E07000235,79487,155.57,83.25,90.42,158.19,376.34,136.24,464.55,348.90,136.41,38.95,11.17,13.22,3.30,14.08,965.93,3.47,526.74,333.64,117.73,20.95,0.95,434.43,342.27,130.65,13.67,0.92,0.03,1.64
Redditch,E07000236,87037,192.86,92.97,139.66,200.29,297.57,76.63,465.09,351.76,131.33,40.75,11.08,57.39,12.11,26.23,898.19,6.08,468.88,343.92,147.75,36.78,2.67,336.44,371.71,195.45,17.54,2.56,0.52,1.98
Worcester,E07000237,103874,175.84,120.95,140.31,192.94,288.84,81.12,473.84,351.03,127.16,37.37,10.57,56.42,11.67,21.98,899.96,9.97,500.87,330.84,131.15,34.73,2.42,350.18,377.95,181.04,16.68,2.62,0.13,1.68
Wychavon,E07000238,132492,164.35,81.32,109.20,174.53,353.26,117.34,474.26,350.06,129.54,36.45,9.69,11.40,3.48,12.08,968.53,4.52,516.53,337.37,120.68,23.97,1.45,399.85,359.42,144.48,18.81,1.38,0.16,1.87
Wyre Forest,E07000239,101610,167.74,84.55,111.30,171.23,345.40,119.78,433.07,357.61,147.86,47.42,14.01,19.08,3.89,14.47,958.80,3.76,458.89,347.73,152.86,38.17,2.34,390.14,367.04,159.04,15.40,2.27,0.07,2.45
St Albans,E07000240,148165,216.49,82.30,108.67,223.66,284.52,84.37,575.32,302.99,91.50,23.76,6.45,82.18,21.32,42.88,835.97,17.65,606.41,289.34,84.88,18.38,1.00,331.58,349.30,199.19,27.68,2.17,0.10,2.16
Welwyn Hatfield,E07000241,119834,186.52,144.23,133.23,198.46,260.55,77.00,516.51,335.46,109.57,30.58,7.89,88.41,60.98,41.15,786.90,22.56,515.18,332.73,123.61,26.83,1.64,300.89,367.20,231.60,25.30,3.18,0.24,2.05
East Hertfordshire,E07000242,150155,193.17,87.99,122.97,204.84,305.90,85.13,539.82,325.35,101.72,26.08,7.03,26.76,12.99,28.27,922.94,9.04,571.50,309.80,99.98,18.07,0.64,339.13,377.57,178.87,23.65,1.43,0.03,1.53
Stevenage,E07000243,89493,204.03,95.12,151.23,203.78,275.09,70.74,476.83,350.18,126.24,36.85,9.91,74.86,48.49,35.93,827.94,12.77,477.09,336.49,146.51,36.48,3.42,289.13,365.09,241.39,31.31,4.66,0.82,1.71
East Suffolk,E07000244,246058,159.88,82.62,99.64,160.96,362.56,134.35,433.25,359.68,149.77,45.31,11.99,14.01,5.51,15.07,961.66,3.75,468.86,354.79,142.06,32.31,1.98,437.34,349.53,129.94,12.15,0.75,0.04,2.04
West Suffolk,E07000245,179948,176.83,97.12,141.60,184.92,298.85,100.67,477.04,354.54,124.86,34.18,9.38,26.29,15.97,27.12,917.80,12.83,493.42,358.71,122.06,24.46,1.35,400.95,366.57,151.61,17.11,0.84,0.05,1.00
Bolton,E08000001,295963,215.14,104.72,127.75,193.34,282.48,76.57,480.05,327.02,131.45,47.20,14.29,201.37,37.97,22.45,719.49,18.73,431.77,341.27,171.51,52.56,2.89,326.50,376.10,200.16,44.78,1.08,0.03,2.30
Bury,E08000002,193851,201.07,94.40,129.02,195.62,297.09,82.79,482.10,329.73,132.58,43.41,12.17,106.23,19.04,26.43,829.07,19.24,474.74,335.56,147.16,40.44,2.11,359.50,362.97,177.94,31.74,0.98,0.00,2.68
Manchester,E08000003,551937,206.51,176.85,182.23,197.30,197.49,39.62,508.30,314.27,117.69,45.14,14.61,208.55,119.38,52.59,568.24,51.23,435.59,328.43,172.02,60.46,3.50,289.53,390.76,232.74,32.82,3.90,0.23,1.65
Oldham,E08000004,242088,227.41,110.92,130.92,190.56,269.32,70.86,469.21,328.59,139.43,48.43,14.34,246.05,33.91,25.30,681.15,13.59,409.40,346.53,181.67,59.27,3.14,316.11,361.21,213.85,53.56,1.31,0.15,2.59
Rochdale,E08000005,223773,218.19,101.33,134.03,194.07,282.32,70.06,469.03,329.41,137.43,50.11,14.01,185.04,35.42,23.61,739.53,16.40,426.51,340.53,173.14,56.35,3.47,328.67,373.66,201.50,41.15,1.06,0.10,2.68
Salford,E08000006,269923,196.35,130.33,188.48,191.89,232.67,60.28,498.09,319.13,123.18,45.96,13.64,55.34,61.03,31.49,823.38,28.76,464.38,322.89,158.35,51.80,2.58,329.28,397.38,192.81,25.42,3.24,0.08,2.29
Stockport,E08000007,294773,189.45,84.28,125.52,200.45,304.20,96.09,493.95,326.75,126.39,40.77,12.15,72.82,11.59,26.01,873.66,15.92,512.65,321.52,129.82,33.91,2.11,387.55,332.47,177.18,17.73,0.97,0.06,2.22
Tameside,E08000008,231071,198.80,93.75,136.40,193.79,300.63,76.63,453.12,337.10,143.70,51.16,14.92,91.74,22.83,21.48,855.48,8.47,431.83,342.00,171.37,51.66,3.13,319.12,407.80,194.06,37.16,0.81,0.06,2.77
Trafford,E08000009,235052,208.04,88.26,116.86,217.86,284.72,84.25,530.97,309.73,112.80,35.76,10.73,125.88,34.40,37.58,777.53,24.61,538.96,308.50,121.18,29.95,1.41,379.35,312.89,194.11,15.30,1.65,0.12,2.00
Wigan,E08000010,329330,184.12,93.16,132.66,190.55,313.41,86.10,462.68,334.60,140.33,48.84,13.56,17.69,11.86,13.22,950.27,6.96,465.52,328.09,160.05,44.58,1.76,377.90,372.40,163.18,18.57,0.37,0.02,2.75
Knowsley,E08000011,154519,195.57,97.94,144.36,178.90,311.20,72.03,472.95,301.38,139.54,64.96,21.18,16.24,8.18,17.20,952.86,5.51,407.91,323.49,192.03,73.49,3.07,403.69,334.58,165.27,10.65,0.11,0.00,2.56
Liverpool,E08000012,486088,170.87,161.42,155.11,179.99,266.97,65.64,476.93,309.27,134.01,59.82,19.97,57.12,34.90,34.73,840.27,32.99,415.75,326.57,185.10,69.33,3.24,403.32,330.78,170.56,13.19,2.35,0.13,2.63
St. Helens,E08000013,183247,178.32,91.19,129.76,186.80,320.37,93.56,451.56,327.29,146.04,57.80,17.30,14.07,4.23,10.76,965.29,5.64,441.82,334.14,170.98,51.36,1.69,401.39,357.25,154.91,12.28,0.33,0.00,2.74
Sefton,E08000014,279233,167.76,87.96,115.94,175.79,340.18,112.37,463.59,322.90,143.45,53.55,16.51,15.38,5.40,14.53,958.12,6.57,452.32,340.04,161.02,44.39,2.23,434.24,317.13,147.64,8.69,1.31,0.11,2.80
Wirral,E08000015,320199,181.41,88.54,117.50,179.10,332.36,101.09,464.85,320.75,141.74,55.72,16.95,22.80,4.34,15.40,951.57,5.89,457.45,334.05,160.03,46.39,2.08,458.56,303.36,134.80,7.01,0.42,0.01,2.80
Barnsley,E08000016,244572,183.10,90.37,134.72,183.41,321.97,86.42,433.45,336.06,155.38,58.27,16.83,9.39,7.01,9.38,968.77,5.45,427.92,339.48,176.57,53.82,2.21,363.40,398.40,163.35,18.50,0.50,0.04,2.93
Doncaster,E08000017,308106,185.59,93.64,136.45,184.34,312.37,87.61,443.16,341.08,147.15,52.55,16.05,29.49,12.15,14.94,931.36,12.07,437.45,347.08,167.34,46.23,1.90,396.43,355.15,162.62,10.50,0.79,0.07,2.59
Rotherham,E08000018,265806,188.99,95.94,129.52,184.12,311.20,90.24,441.52,340.29,147.77,54.17,16.26,53.33,11.35,14.50,910.27,10.56,435.84,339.40,174.34,48.45,1.97,380.33,359.83,171.77,13.88,0.54,0.08,2.80
Sheffield,E08000019,556523,180.18,147.88,142.67,178.64,269.04,81.59,466.56,337.38,135.74,46.72,13.60,96.24,45.84,35.41,791.01,31.50,453.71,340.00,157.91,45.62,2.75,344.85,385.79,187.29,23.87,1.83,0.04,2.16
Newcastle upon Tyne,E08000021,300125,172.18,190.20,148.72,175.25,246.83,66.81,483.86,321.91,130.97,48.40,14.86,113.71,33.06,23.06,799.67,30.51,462.29,327.12,158.13,50.07,2.39,370.23,371.57,171.88,18.44,1.51,0.07,1.64
North Tyneside,E08000022,208967,179.24,83.78,124.74,199.02,322.66,90.56,460.22,333.05,144.54,48.75,13.43,25.82,6.13,13.78,948.51,5.76,494.37,324.88,142.67,36.85,1.24,417.22,349.21,143.96,13.37,0.51,0.02,2.06
South Tyneside,E08000023,147774,179.22,89.37,125.37,179.92,333.50,92.62,437.53,330.70,155.17,58.93,17.69,29.21,5.32,13.50,943.87,8.09,433.26,341.24,175.30,48.66,1.54,388.58,379.98,152.56,15.05,0.34,0.01,3.03
Sunderland,E08000024,274175,175.44,97.77,127.90,180.68,328.23,89.98,431.32,330.03,158.68,61.40,18.55,29.92,9.72,9.14,946.03,5.19,414.69,347.32,181.40,54.39,2.20,382.80,371.74,156.39,15.00,0.83,0.08,2.83
Birmingham,E08000025,1144918,222.98,143.01,146.25,194.49,231.64,61.63,475.58,332.77,131.71,45.20,14.73,310.40,109.84,48.22,486.15,45.39,404.10,346.59,186.23,59.14,3.94,317.19,327.58,254.49,27.73,3.72,0.27,2.37
Coventry,E08000026,345324,198.22,153.64,144.88,191.42,241.58,70.26,485.49,336.35,124.61,40.91,12.65,185.09,88.97,33.97,655.18,36.79,449.98,340.38,159.62,46.36,3.66,352.48,312.40,234.12,24.75,2.16,0.22,1.72
Dudley,E08000027,323488,188.57,95.96,129.24,183.13,303.45,99.66,438.49,354.28,146.53,47.29,13.41,83.61,25.26,28.41,848.86,13.86,441.55,345.49,168.51,42.58,1.87,361.30,361.92,191.29,16.69,0.67,0.01,2.24
Sandwell,E08000028,341834,221.76,110.19,138.76,204.98,256.48,67.84,448.57,341.58,143.48,51.11,15.25,257.51,87.12,42.95,572.28,40.15,379.20,353.61,201.50,62.66,3.03,298.93,350.66,263.25,25.96,1.92,0.09,2.82
Solihull,E08000029,216239,193.02,91.99,115.65,184.80,310.11,104.44,492.55,333.85,124.01,38.35,11.25,110.27,18.29,34.67,821.62,15.15,507.11,323.15,135.32,32.58,1.84,392.18,331.35,171.18,14.23,0.56,0.06,2.54
Walsall,E08000030,284124,214.78,104.67,132.38,188.93,274.58,84.67,444.07,343.80,146.30,50.06,15.78,187.24,45.84,32.79,713.50,20.63,402.13,350.09,189.01,55.96,2.82,339.26,347.66,225.29,23.13,1.04,0.03,3.10
Wolverhampton,E08000031,263726,209.63,105.83,136.34,199.83,269.97,78.40,448.36,343.88,144.30,49.12,14.35,211.97,93.42,53.33,605.58,35.71,403.40,352.41,187.47,53.73,2.99,339.30,327.31,230.38,25.15,1.98,0.05,2.79
Bradford,E08000032,546410,228.47,115.44,132.79,197.11,259.38,66.81,461.44,345.28,133.83,45.58,13.87,321.49,20.09,27.46,611.27,19.69,429.51,344.16,168.26,54.40,3.67,328.88,364.98,216.54,27.43,2.69,0.22,2.13
Calderdale,E08000033,206631,193.57,92.74,120.60,191.03,318.09,83.97,466.09,341.95,135.09,43.83,13.04,105.14,6.96,19.49,860.65,7.76,477.75,330.73,148.08,41.24,2.20,360.73,384.56,166.39,26.34,1.36,0.14,1.54
Kirklees,E08000034,433216,200.69,108.89,126.66,192.54,291.94,79.30,465.60,344.96,133.94,43.09,12.41,194.37,22.96,31.37,736.29,15.02,466.29,334.81,151.99,44.28,2.64,331.93,383.06,190.14,34.68,2.13,0.06,2.01
Leeds,E08000035,811953,189.03,139.63,149.35,193.82,255.79,72.38,495.17,332.91,121.75,38.94,11.23,96.68,55.89,33.73,790.44,23.26,483.09,328.99,143.74,41.36,2.82,345.01,378.96,186.71,28.40,3.19,0.11,1.89
Wakefield,E08000036,353364,186.30,90.37,138.59,190.01,310.74,83.99,447.09,342.89,144.56,50.66,14.82,35.75,12.78,13.97,930.31,7.19,447.39,338.37,165.24,47.30,1.70,363.81,386.64,167.77,19.55,0.83,0.07,2.27
Gateshead,E08000037,196151,175.39,94.00,131.90,188.27,316.56,93.88,437.47,335.34,153.54,56.69,16.96,25.11,11.29,12.20,935.46,15.95,448.06,334.08,166.86,49.17,1.83,377.81,390.91,156.08,19.05,0.88,0.02,2.27
City of London,E09000001,8585,67.33,133.84,258.01,211.65,271.52,57.66,575.07,317.53,80.02,21.67,5.47,168.34,27.03,54.75,693.73,56.15,597.68,314.81,70.61,15.26,1.63,218.97,436.30,281.85,24.42,21.37,1.22,1.28
Barking and Dagenham,E09000002,218869,261.00,114.46,152.01,231.38,203.19,37.96,511.40,328.86,111.00,37.32,11.41,258.52,213.86,42.58,449.01,36.03,375.92,370.71,190.66,58.83,3.88,198.76,304.00,339.46,107.28,11.26,0.74,2.34
Barnet,E09000003,389341,205.44,100.26,149.52,226.91,250.33,67.54,548.56,310.27,100.98,30.11,10.08,192.56,78.72,53.65,577.28,97.78,495.73,329.95,133.47,36.36,4.49,283.06,303.80,259.79,62.89,13.06,1.40,2.23
Bexley,E09000004,246472,205.48,99.97,129.78,206.35,278.50,79.92,507.89,334.20,114.66,32.98,10.28,99.13,122.02,35.46,718.79,24.59,485.19,342.34,138.85,31.46,2.16,336.23,282.57,240.78,38.03,3.29,0.25,2.35
Brent,E09000005,339816,190.32,121.28,174.09,224.13,238.25,51.93,520.26,327.53,108.50,32.84,10.86,328.16,175.08,50.76,346.36,99.64,399.42,365.06,177.19,53.35,4.98,225.67,288.49,306.60,92.17,22.19,2.04,2.33
Bromley,E09000006,329994,196.68,84.94,123.49,222.83,286.03,86.03,533.98,324.18,103.84,29.38,8.62,82.75,76.21,53.76,764.55,22.73,546.42,312.41,113.09,26.40,1.68,344.72,321.56,204.92,33.03,3.53,0.24,2.04
Camden,E09000007,210133,153.37,152.15,202.46,211.33,227.57,53.12,555.32,293.46,100.46,38.13,12.64,181.04,89.90,66.33,595.16,67.58,475.23,319.12,145.92,53.23,6.50,202.18,395.68,293.33,54.10,22.88,2.01,1.47
Croydon,E09000008,390719,205.57,100.41,151.36,219.43,261.67,61.56,512.00,334.54,110.89,32.59,9.98,175.28,226.35,76.13,483.68,38.56,479.95,338.50,141.46,36.49,3.61,295.35,297.13,255.61,55.84,12.43,2.03,2.34
Ealing,E09000009,367114,195.43,109.21,162.55,236.48,243.27,53.07,524.52,327.93,105.87,31.65,10.03,303.01,107.57,52.19,431.64,105.58,460.33,341.56,151.69,42.54,3.88,244.42,285.12,308.81,68.60,17.37,2.08,2.02
Enfield,E09000010,329984,220.62,108.39,134.26,216.01,256.88,63.84,506.45,330.07,114.62,36.82,12.05,115.07,183.38,59.27,520.88,121.39,421.87,356.60,167.13,49.72,4.68,272.66,275.96,293.01,65.80,13.36,1.82,2.25
Greenwich,E09000011,289068,205.21,107.08,181.91,236.29,224.79,44.72,527.26,319.71,107.06,35.06,10.90,131.56,209.65,59.84,556.99,41.97,482.43,321.07,145.56,47.19,3.75,254.72,360.86,261.66,58.04,8.31,0.61,1.66
Hackney,E09000012,259149,191.70,114.81,244.97,222.69,194.85,30.99,566.61,284.11,99.21,36.53,13.53,103.74,210.86,67.48,531.39,86.52,449.52,325.09,159.98,59.70,5.70,183.98,419.13,285.93,67.42,15.40,1.80,1.84
Hammersmith and Fulham,E09000013,183157,155.77,128.53,233.61,217.42,219.52,45.15,590.03,279.75,89.00,30.59,10.62,105.41,122.59,67.25,631.59,73.16,513.86,310.71,129.92,40.85,4.67,211.28,406.17,273.08,52.13,18.27,1.45,1.53
Haringey,E09000014,264237,182.55,105.75,188.85,241.94,236.47,44.44,530.52,317.17,103.73,36.19,12.39,87.35,175.85,70.22,569.87,96.71,433.17,338.55,167.74,54.76,5.78,225.49,351.47,270.96,69.76,25.61,2.99,1.79
Harrow,E09000015,261203,197.48,103.00,149.02,222.29,256.35,71.86,515.13,339.18,106.84,29.54,9.32,452.33,73.32,37.64,364.59,72.11,487.28,345.30,134.00,30.82,2.60,281.56,229.94,301.67,67.75,12.88,1.34,2.47
Havering,E09000016,262052,199.66,97.18,138.26,201.65,278.85,84.40,499.00,339.68,116.93,34.12,10.27,107.42,82.30,37.19,752.96,20.13,472.99,345.25,146.72,32.95,2.09,317.25,310.46,246.18,40.58,3.42,0.21,3.22
Hillingdon,E09000017,305909,209.31,113.37,145.30,224.48,245.21,62.32,513.15,339.07,108.16,30.22,9.40,333.23,78.31,43.67,481.80,62.99,459.00,349.79,150.58,37.63,2.99,253.44,291.62,298.35,72.46,11.66,1.57,2.31
Hounslow,E09000018,288181,206.47,102.07,158.64,246.25,236.32,50.24,519.20,334.21,105.22,31.29,10.07,367.29,72.21,46.89,440.98,72.62,441.00,352.27,160.14,42.51,4.08,227.30,288.80,310.20,91.01,16.26,2.06,1.97
Islington,E09000019,216589,152.19,126.00,258.85,214.28,209.46,39.22,548.00,292.82,103.74,41.10,14.35,99.41,132.71,74.94,622.16,70.78,483.51,304.71,151.06,56.05,4.66,185.81,455.12,264.09,52.53,12.93,0.90,1.50
Kensington and Chelsea,E09000020,143375,141.49,123.05,175.36,211.72,283.69,64.70,596.07,267.15,92.00,33.52,11.26,118.75,78.67,66.44,637.46,98.69,525.90,302.69,121.42,43.63,6.37,257.31,392.81,249.84,41.76,19.23,2.09,1.75
Kingston upon Thames,E09000021,168064,193.97,111.05,138.47,233.02,258.07,65.43,541.21,325.61,99.43,25.98,7.76,178.13,28.21,53.53,683.25,56.88,558.30,308.93,107.35,23.65,1.77,308.98,303.60,245.36,42.04,6.48,0.56,1.81
Lambeth,E09000022,317654,153.34,121.73,257.82,218.13,213.01,35.96,562.04,302.88,95.20,30.16,9.71,72.57,239.71,80.69,550.22,56.81,500.16,317.21,138.28,40.83,3.51,216.68,413.03,259.18,53.12,13.65,1.23,1.64
Lewisham,E09000023,300554,193.45,103.87,194.41,239.68,226.83,41.76,531.17,320.38,105.17,32.91,10.36,89.59,267.75,80.69,514.88,47.08,472.11,324.87,151.61,47.02,4.38,234.39,358.28,274.32,61.96,14.30,1.26,1.83
Merton,E09000024,215186,197.10,90.30,168.94,244.43,243.05,56.17,549.01,320.56,96.47,26.02,7.92,185.97,106.36,59.32,602.35,46.00,539.06,313.18,117.85,27.85,2.06,289.38,279.63,274.80,51.49,11.04,1.21,2.00
Newham,E09000025,351036,213.26,131.19,207.20,235.57,184.96,27.83,514.14,332.93,107.68,33.68,11.57,422.15,174.63,46.77,307.52,48.93,393.04,357.52,183.80,61.30,4.34,162.50,338.33,338.80,100.51,25.07,1.77,2.12
Redbridge,E09000026,310260,219.95,110.85,150.32,232.47,231.54,54.87,513.12,340.20,106.40,30.51,9.76,473.26,84.11,41.05,348.01,53.57,462.76,349.56,147.71,37.30,2.67,265.52,246.45,309.14,71.44,16.95,1.24,2.63
Richmond upon Thames,E09000027,195279,201.99,82.34,112.92,240.41,288.79,73.55,593.81,292.17,83.63,23.42,6.96,89.45,18.88,54.60,804.55,32.52,610.38,280.58,86.64,20.79,1.61,319.89,334.60,219.19,35.50,6.44,0.36,1.51
Southwark,E09000028,307635,167.41,125.64,238.02,222.03,212.40,34.50,557.87,303.38,97.52,31.05,10.19,99.27,251.26,72.00,514.30,63.16,485.46,319.66,145.38,46.37,3.13,202.53,427.72,256.68,64.23,13.63,1.15,1.36
Sutton,E09000029,209636,209.80,89.28,129.75,233.91,266.80,70.46,514.19,340.25,106.39,30.16,9.03,175.48,59.46,48.47,682.83,33.76,508.72,331.00,127.06,30.95,2.27,290.91,307.74,254.14,59.16,7.36,0.73,2.17
Tower Hamlets,E09000030,310305,185.05,151.71,274.51,225.44,140.44,22.85,529.67,321.29,100.49,36.00,12.56,444.26,73.13,49.66,394.02,38.94,464.05,318.05,155.01,58.52,4.37,154.19,410.96,306.76,96.67,17.33,1.50,1.61
Waltham Forest,E09000031,278424,202.01,98.81,183.45,249.73,221.47,44.53,515.17,334.63,106.28,33.32,10.61,199.50,149.58,64.59,528.05,58.29,452.63,338.05,160.92,44.70,3.69,240.96,304.03,294.32,72.82,18.22,0.68,1.95
Wandsworth,E09000032,327506,164.72,104.63,262.97,228.08,197.00,42.60,606.33,280.66,81.67,24.02,7.32,116.99,100.95,62.89,678.12,41.04,583.63,278.56,104.99,29.94,2.88,231.98,403.48,253.15,49.22,10.97,0.94,1.36
Westminster,E09000033,204238,131.07,138.20,216.25,214.98,244.98,54.52,563.23,288.77,97.14,36.25,14.60,167.66,80.57,65.29,551.97,134.51,501.40,304.16,134.24,53.00,7.20,220.37,408.14,269.76,54.13,21.74,1.74,1.75